{
  "at": {
    "noft": {
      "L": [
        6.1022727051630445,
        3.8445477376831856,
        3.6022727051630445
      ],
      "M": [
        3.7628749457997652,
        3.322646798160562
      ],
      "N": [
        0.5812196658824657,
        0.21589957668687068
      ]
    },
    "ft": {
      "L": [
        7.849697716003091,
        6.1022727051630445,
        5.349697716003091
      ],
      "M": [
        5.510299956639812,
        2.5700718090006087
      ],
      "N": []
    }
  },
  "ut": {
    "noft": {
      "L": [
        8.602272705163044,
        7.849697716003091,
        6.489527605127402
      ],
      "M": [
        6.262874945799765,
        5.89755485660417
      ],
      "N": [
        4.076069687562559,
        4.463324587526918
      ]
    },
    "ft": {
      "L": [],
      "M": [],
      "N": []
    }
  }
}
